Type,Name,Request Count,Failure Count,Median Response Time,Average Response Time,Min Response Time,Max Response Time,Average Content Size,Requests/s,Failures/s,50%,66%,75%,80%,90%,95%,98%,99%,99.9%,99.99%,100%
POST,/auth/login,175,0,160,367.05429771425236,145.56519999996453,7227.933699999994,930.0,2.99424947919969,0.0,160,160,160,170,200,2600,3900,5300,7200,7200,7200
GET,/carts/1,129,0,160,418.0289503875892,143.5154999999213,5031.814099999792,1007.0,2.207189616095772,0.0,160,160,160,170,230,3000,4600,4800,5000,5000,5000
POST,/carts/add,213,0,160,461.54194460093964,143.94679999986693,5110.62019999963,325.4178403755869,3.644429366111623,0.0,160,160,170,190,400,3400,4500,4900,5100,5100,5100
GET,/products,326,0,34,101.18114509201722,26.50080000012167,18779.4600000002,44090.0,5.577859029823423,0.0,34,36,38,40,44,91,120,190,19000,19000,19000
GET,/products/[id],246,0,160,363.08243617886757,30.88000000025204,5217.22200000022,1460.6951219512196,4.209059267903564,0.0,160,160,170,170,240,1600,4600,4900,5200,5200,5200
GET,/products/search?q=phone,95,0,160,404.698801052602,143.8914999998815,5247.690000000148,37282.0,1.625449717279832,0.0,160,170,170,180,350,1800,5200,5200,5200,5200,5200
,Aggregated,1184,0,150,318.5966128378298,26.50080000012167,18779.4600000002,15740.226351351352,20.258236476413906,0.0,150,160,160,170,210,1300,4100,4900,7200,19000,19000
