Type,Name,Request Count,Failure Count,Median Response Time,Average Response Time,Min Response Time,Max Response Time,Average Content Size,Requests/s,Failures/s,50%,66%,75%,80%,90%,95%,98%,99%,99.9%,99.99%,100%
POST,/auth/login,323,0,160,429.47629195044544,142.9283999996187,7548.77149999993,930.0,5.412624772497676,0.0,160,160,170,170,250,2700,4800,5300,7500,7500,7500
GET,/carts/1,258,0,160,348.65132325581897,141.95349999999962,4904.436700000133,1007.0,4.323396877103407,0.0,160,160,170,170,240,2000,3600,4300,4900,4900,4900
POST,/carts/add,406,0,160,579.0540697044347,142.58060000020123,39430.22999999994,324.2586206896552,6.803485008154973,0.0,160,160,170,170,380,4100,5000,5200,39000,39000,39000
GET,/products,700,0,33,64.74712200000019,26.853400000163674,7104.001400000016,44090.0,11.730146565784437,0.0,34,36,37,39,46,96,120,710,7100,7100,7100
GET,/products/[id],520,0,160,414.49118480768635,29.665200000181358,7203.809999999976,1472.5442307692308,8.713823163154153,0.0,160,160,170,170,240,2700,4500,4600,7200,7200,7200
GET,/products/search?q=phone,150,0,160,349.7303093333239,146.86170000004495,4523.11409999993,37282.0,2.5136028355252362,0.0,160,170,170,180,240,2200,3800,4000,4500,4500,4500
,Aggregated,2357,0,150,329.69316245226673,26.853400000163674,39430.22999999994,16085.221892235893,39.49707922221988,0.0,150,160,160,170,220,1400,4200,4800,7200,39000,39000
